"conversation_id_str","created_at","favorite_count","full_text","id_str","image_url","in_reply_to_screen_name","lang","location","quote_count","reply_count","retweet_count","tweet_url","user_id_str","username"
"1983484707237929412","Wed Oct 29 10:43:00 +0000 2025","0","Tiga pekerja proyek kilang minyak di Kalimantan Timur tewas tertimbun longsor. Polisi sedang olah TKP untuk menyelidiki insiden tragis ini. Via: @detikkalimantan https://t.co/LhbIhlKKkM","1983484707237929412","","","in","","0","0","1","https://x.com/undefined/status/1983484707237929412","69183155",
"1983385109438050386","Wed Oct 29 04:07:14 +0000 2025","0","3 Pekerja Galian Kilang Minyak di PPU Tewas Tertimbun Longsor https://t.co/OwUpcJrKwk","1983385109438050386","","","in","","0","0","0","https://x.com/undefined/status/1983385109438050386","1902243031878922240",
"1983160313269891331","Tue Oct 28 13:13:58 +0000 2025","3","Katanya BUMN buat rakyat tapi kok rasanya kayak ATM politik ya? Ngopi dulu dah biar nggak nyesek. Minyak naik untung bocor berita heboh. Yang rakyat bayar yang elite panen. . Kilang Pertamina Artery Minta Profesor Rata https://t.co/C5kq31yEGO","1983160313269891331","https://pbs.twimg.com/media/G4WZy6HawAAb4oc.jpg","","in","","0","1","2","https://x.com/undefined/status/1983160313269891331","794216533413150720",
"1982930856747643331","Mon Oct 27 22:06:10 +0000 2025","0","@sirulhaq Berita itu benar adanya: Kejaksaan Agung menetapkan 18 tersangka dalam kasus korupsi tata kelola minyak mentah dan produk kilang PT Pertamina termasuk keterlibatan dari RU V Balikpapan dengan kerugian negara mencapai Rp 285 triliun sejak 2018-2023. Namun kasus ini terpisah","1982931856279646269","","sirulhaq","in","","0","2","0","https://x.com/undefined/status/1982931856279646269","1720665183188922368",
"1982371435277627465","Sun Oct 26 08:59:15 +0000 2025","1","Berita Minggu Sore! Kilang Cilacap: Pionir Green Refinery Avtur dari Minyak Jelantah Kilang Minyak Cilacap Pionir Energi Bersih Bahan Bakar Avtur Baca Selengkapnya: https://t.co/wEIQfVp0ER #Pertamina #Avtur #GreenRefinery #KilangCilacap #TribunTren https://t.co/yi6zPHoZ8Y","1982371435277627465","https://pbs.twimg.com/media/G4LMQVMXwAAFPsI.jpg","","in","","0","0","0","https://x.com/undefined/status/1982371435277627465","1929585834665431044",
"1982294896787771890","Sun Oct 26 03:55:08 +0000 2025","0","Dari sejarah panjang itu Kilang Cilacap kini bertransformasi menjadi pelopor energi hijau. https://t.co/ClL5T7Rfg7 Pertamina menghadirkan Pertamina Sustainable Aviation Fuel (SAF) avtur ramah lingkungan yang dibuat dari Used Cooking Oil (UCO) alias minyak jelantah!","1982294903725150353","","bengkeldodo","in","","0","1","0","https://x.com/undefined/status/1982294903725150353","576755999",
"1981731077208342711","Sun Oct 26 00:37:32 +0000 2025","3","@senopati1818 @saskiadina7 @are_inismyname @azissubekti @Ndons_Back @BANGSAygSUJUD @Kimberley_PS08 @IrawanRommi @99propaganda @bengkeldodo @DedynurPalakka @florieliciouss @FDonghun Ini contoh bisnis penggusuran aji mumpung.. ~ Penolakan Kilang Minyak di Tuban Hingga Membuat Warga Jadi Miliarder https://t.co/4YpvjWe2H1","1982245173942776047","","senopati1818","in","","0","0","2","https://x.com/undefined/status/1982245173942776047","966143130",
"1980293162431336511","Mon Oct 20 15:20:56 +0000 2025","0","Setahun Prabowo-Gibran DPR soroti mandeknya proyek strategis energi! PR belum tuntas: ️ Pembangunan kilang minyak ️ Pabrik etanol berbasis tebu &amp; singkong ️ Implementasi energi hijau ️ Aturan turunan UU Minerba #EnergiNasional #PrabowoGibran https://t.co/0YHlVkltUT","1980293162431336511","","","in","","0","0","0","https://x.com/undefined/status/1980293162431336511","2911375412",
"1979862288439115976","Sun Oct 19 10:48:48 +0000 2025","3","Presiden Republik Indonesia Prabowo Subianto memerintahkan percepatan program pembangunan kilang minyak. https://t.co/cl5bY2qSL6","1979862288439115976","","","in","","0","1","2","https://x.com/undefined/status/1979862288439115976","18071520",
"1979322494550241594","Fri Oct 17 23:03:51 +0000 2025","2","Sebenarnya K3 di Pertamina Niaga itu gimana sih? Masa iya kita sering dengar berita Kilang Terbakar padahal negeri ini kekurangan minyak. https://t.co/eGJIn391MZ","1979322494550241594","https://pbs.twimg.com/media/G3f3UBwWMAEGhvm.jpg","","in","","0","2","0","https://x.com/undefined/status/1979322494550241594","226416224",
"1978983924018876881","Fri Oct 17 00:38:29 +0000 2025","0","Instruksi langsung Presiden Prabowo ESDM tancap gas bangun kilang minyak! Tujuannya jelas: biar Indonesia gak tergantung impor BBM #berita #esdm #esdmfu https://t.co/EWWXQUVq2f","1978983924018876881","https://pbs.twimg.com/media/G3bDZB_XkAAQqJ0.jpg","","in","","0","0","0","https://x.com/undefined/status/1978983924018876881","1941304349969481734",
"1977035465686761782","Mon Oct 13 00:57:38 +0000 2025","0","@xquitavee @PartaiSocmed curiganya itu disengaja sebagai serangan politik. jangan tidak curiga kilang minyak pertamina saja setiap tahun minimal ada 1 yg terbakar. anehnya tidak ada berita pengusutan jelas tidak ada penjelasan/ pertanggungjawaban dari kepala unit dapur yg bersangkutan.","1977539190012412228","","xquitavee","in","","0","0","0","https://x.com/undefined/status/1977539190012412228","1838417272320462851",
"1977252900284879323","Mon Oct 13 00:44:49 +0000 2025","0","@ecobudie @ARSIPAJA Anda baca berita juga gak bang yang kilang minyak dibakar ??","1977535965767078010","","ecobudie","in","","0","0","0","https://x.com/undefined/status/1977535965767078010","1932113600853995520",
"1977218851608969533","Sun Oct 12 03:44:43 +0000 2025","0","Dahlah! Demi kewarasan besok uninstall aplikasi OLT selama sebulan ke depan. Sambil nunggu ada berita kilang minyak di Rusia atau Timur Tengah yang terbakar lanjutin baca Qiang Jin Jiu yang sudah mulai berjamur di daftar libraryku. ","1977218851608969533","","","in","","0","0","0","https://x.com/undefined/status/1977218851608969533","1568899236888182785",
"1976944034183590202","Sat Oct 11 09:32:42 +0000 2025","1","Kilang Mati Impor Jalan Terus: Ironi Energi Negeri Kaya Minyak https://t.co/ynAt2MBIEc","1976944034183590202","","","in","","0","0","0","https://x.com/undefined/status/1976944034183590202","2544978158",
"1976935847703277919","Sat Oct 11 09:00:10 +0000 2025","1","Kejaksaan Agung (Kejagung) RI menjelaskan tak ada istilah kata oplosan dalam surat dakwaan terhadap terdakwa kasus dugaan korupsi tata kelola minyak mentah dan produk kilang Pertamina-KKKS periode. Selengkapnya https://t.co/hCtAJ8nNqk __ #Vivacoid #Kejagung #Pertamina https://t.co/fScGFRNTjp","1976935847703277919","https://pbs.twimg.com/media/G298rWCXkAApmGR.jpg","","in","","1","1","0","https://x.com/undefined/status/1976935847703277919","41730943",
"1975830704551567678","Wed Oct 08 07:48:43 +0000 2025","1","Terpaksa membuka jejak digital tentang pembangunan kilang minyak! Lha Pak Presiden sebenarnya sudah menganalisa tentang pembangunan kilang-kilang minyak. Agaknya selain Pertamina Menteri BUMN dan ESDM ada pejabat daerah juga uhm... https://t.co/LDSNIPcarJ.","1975830704551567678","","","in","","0","1","1","https://x.com/undefined/status/1975830704551567678","2556873745",
"1975534910057423176","Tue Oct 07 12:13:20 +0000 2025","0","Kementerian Energi dan Sumber Daya Mineral terus mendorong adanya pembangunan kilang minyak baru dalam rangka memenuhi kebutuhan konsumsi BBM di dalam negeri. https://t.co/ZvhiR8KLId","1975534910057423176","","","in","","0","0","0","https://x.com/undefined/status/1975534910057423176","18071520",
"1975411575910789146","Tue Oct 07 09:18:52 +0000 2025","0","@Franken_blues @PDI_Perjuangan dia ketakutan. dia koruptor juga rekan rekannya. inilah contoh koruptor ketakutan bisa melakukan hal2 gila diluar akal sehat. kilang minyak rutin dibakar api pejabat baik rutin diserang bikin berita pengalihan.. hati2 dan awasi...","1975491004393529683","","Franken_blues","in","","0","0","0","https://x.com/undefined/status/1975491004393529683","1838417272320462851",
"1975172028865855490","Mon Oct 06 12:11:23 +0000 2025","0","Lah ini anggota DPR ga baca berita apa? Shell tuh mau cabut dr pasar Indo Pak/Bu.... Lah kilang minyak nya aja yang di Singapore dah dibeli sama perusahaan Indonesia tahun ini ","1975172028865855490","","","in","","0","0","0","https://x.com/undefined/status/1975172028865855490","161148538",
"1975002133192913234","Mon Oct 06 00:56:16 +0000 2025","0","Menkeu Purbaya Sentil Soal Malas Bangun Kilang Minyak Bahlil Buka Suara Pertamina Pasang Tameng https://t.co/twF28q0do7","1975002133192913234","","","in","","0","0","0","https://x.com/undefined/status/1975002133192913234","1912140111392931841",
"1974505510125867230","Sun Oct 05 06:51:48 +0000 2025","0","@IndoPopBase mulai lagi pengalihan buat berita kilang minyak dumai kebakar tenggelem","1974729217054306560","","IndoPopBase","in","","0","0","0","https://x.com/undefined/status/1974729217054306560","3162409200",
"1974118986783862993","Sat Oct 04 14:18:34 +0000 2025","3","@Opposisi6890 pengalihan berita kilang minyak pertamina terbakar doang inimah klasik","1974479261856886956","","Opposisi6890","in","","0","0","0","https://x.com/undefined/status/1974479261856886956","1839378741329530880",
"1974364523835637783","Sat Oct 04 06:42:39 +0000 2025","0","Pertamina Bantah Soal Tidak Bangun Kilang Minyak Ini Buktinya https://t.co/pFMdYVALvS","1974364523835637783","","","in","","0","0","0","https://x.com/undefined/status/1974364523835637783","80543284",
"1974112746334715917","Sat Oct 04 00:02:44 +0000 2025","1","@kegblgnunfaedh Kalau pengalihan isu kilang minyak yang terbakar yang bener lah mereka kira rakyat bisa langsung percaya dengan berita pengalihan isu begini","1974263884082012278","","kegblgnunfaedh","in","","0","0","0","https://x.com/undefined/status/1974263884082012278","1661041330590728193",
"1973989065570857235","Fri Oct 03 05:50:42 +0000 2025","0","Insiden Kilang Minyak Berulang Beban Subsidi Energi Rakyat Kian Berat https://t.co/IJ7lo2DqOk","1973989065570857235","","","in","","0","0","0","https://x.com/undefined/status/1973989065570857235","3811914674",
"1973983383098376337","Fri Oct 03 05:28:08 +0000 2025","0","Insiden Kilang Minyak Berulang Beban Subsidi Energi Rakyat Kian Berat https://t.co/b4M2HGhQFk","1973983383098376337","","","in","","0","0","0","https://x.com/undefined/status/1973983383098376337","3811914674",
"1973439865749672132","Thu Oct 02 13:13:55 +0000 2025","0","@ikhwanuddin Eh baru mau diributin sama memkeu soal minyak yang impor terus dan kilang minyak yang juga tidak dibangun bangun ini kok malah ada berita kilang terbakar ampun2 dah macam anak kecil bgtu ada yg meributkan sama mainannya malah tempat mainannya dirusak","1973738216017768807","","ikhwanuddin","in","","0","0","0","https://x.com/undefined/status/1973738216017768807","1713104134503907328",
"1973584990823915739","Thu Oct 02 09:28:59 +0000 2025","0","@SUARAKRISTEN1 @Metro_TV Menurut laporan resmi Pertamina dan berbagai sumber berita penyebab kebakaran di kilang minyak Dumai pada 1 Oktober 2025 masih dalam tahap penyelidikan. Belum ada konfirmasi resmi tim fokus pada penanganan dan pengamanan area.","1973681607447044307","","SUARAKRISTEN1","in","","0","0","0","https://x.com/undefined/status/1973681607447044307","1720665183188922368",
"1973674379331633261","Thu Oct 02 09:00:15 +0000 2025","13","Sampai bingung hari ini mau ngomentari berita apa dan yang mana saking banyaknya kejadian di negeri tercinta ini... Madhang beracun gratis IKN terbakar Kilang minyak yang ter di bakar Presiden pro Zionist Ijazah @jokowi palsu Sekolah wapres @gibran_tweet yang nggak jelas #Ruwet","1973674379331633261","","","in","","0","4","3","https://x.com/undefined/status/1973674379331633261","2518915579",
"1973413171470934388","Thu Oct 02 08:15:37 +0000 2025","0","@celgaiz Tadi pagi ada berita kilang minyak kebakar lagi. Kaya perusahaan gaada SOP kalo ada kilang sering kebakaran gini","1973663144959713285","","celgaiz","in","","0","0","0","https://x.com/undefined/status/1973663144959713285","744124292",
"1973622864990671049","Thu Oct 02 05:35:33 +0000 2025","684","Kilang minyak Pertamina kok sering sekali meledak/terbakar ya. Singapura total kapasitas kilangnya lebih besar tapi ga pernah ada berita yg terbakar/meledak..","1973622864990671049","","","in","","15","72","282","https://x.com/undefined/status/1973622864990671049","15177656",
"1973618090224263506","Thu Oct 02 05:16:35 +0000 2025","0","Menkeu Purbaya Kesal ke Pertamina RI Tak Punya Kilang Minyak Baru dalam 5 Tahun Belakang https://t.co/k03N1Jn0gP","1973618090224263506","","","in","","0","0","0","https://x.com/undefined/status/1973618090224263506","788744100",
"1973597804019982642","Thu Oct 02 03:55:58 +0000 2025","0","PT Kilang Pertamina Internasional (KPI) Refinery Unit II Dumai Riau memastikan pasokan bahan bakar minyak (BBM) tetap aman pascakebakaran yang melanda salah satu unitnya pada Rabu (1/10) malam.https://t.co/WjrCgR6yT3","1973597804019982642","","","in","","0","0","0","https://x.com/undefined/status/1973597804019982642","423220305",
"1973518708179083716","Wed Oct 01 22:41:40 +0000 2025","0","Berita Viral....!! Kilang Minyak Pertamina Di Dumai Kebakaran #pertanian #dumai #beritaviral https://t.co/2N4reSCc4L","1973518708179083716","https://pbs.twimg.com/ext_tw_video_thumb/1973518682224730115/pu/img/gSbQvWkW5wqMXEWO.jpg","","in","","0","0","0","https://x.com/undefined/status/1973518708179083716","168071054",
"1973181981010829393","Wed Oct 01 13:36:41 +0000 2025","0","@MozaAri @KataHendraToel @davinnhayes Bang.. gue jg pengusaha. Invoice gue kagak dibayar 6 bulan. Msh bs operasional. Bahkan pernah jual 1 mobil buat gaji karyawan. Jgn salahkan pertamina? Lucu. Pertamina yg ngejalankan bisnisnya kok. Lu coba cari berita gmn Pak Purbaya ngekritik pertamina. https://t.co/s9OlGmuRrV","1973381557399216236","","MozaAri","in","","0","0","0","https://x.com/undefined/status/1973381557399216236","493843506",
"1973217455150604428","Wed Oct 01 02:44:36 +0000 2025","1","Impor nya ke Malaysia aja mas Pur dapet untung 3000/liter kalau loe jual Pertamax nya 10rb di Indonesia kalau sdh gitu masih rugi juga Pertamina nya tangkepin maling nya Ajiiiig‼️ Bangsat semua ‼️ https://t.co/tDrTy6yRAt","1973217455150604428","","","in","","0","0","0","https://x.com/undefined/status/1973217455150604428","1761187210576183296",
"1973169035966816749","Wed Oct 01 02:11:34 +0000 2025","0","@eza_pri @salam4jari Gak tau berita terbaru dari menkeu purbaya? Berita baru kemarin 'SDA indo itu banyak terutama minyak tapi pertamina sangat malas bikin kilang baru masa target bikin 7 kilang dalam 5 tahun gak ada satupun yang jadi malah ada kilang yang dibakar' Lu kira singapur dapat darimana?","1973209142790856842","","eza_pri","in","","0","0","0","https://x.com/undefined/status/1973209142790856842","1600015543062659072",
"1973169035966816749","Wed Oct 01 02:08:29 +0000 2025","58","@kyobiiii @salam4jari Lu gak tau berita terbaru dari menkeu purbaya? Berita baru kemarin sih 'SDA indo itu banyak terutama minyak tapi pertamina sangat malas bikin kilang baru masa target bikin 7 kilang dalam 5 tahun gak ada satupun yang jadi malah ada kilang yang dibakar'","1973208367402504624","","kyobiiii","in","","0","4","3","https://x.com/undefined/status/1973208367402504624","1600015543062659072",
"1973184450440863822","Wed Oct 01 00:33:27 +0000 2025","0","Mereka lebih suka Keuntungan Pertamina dibagi dalam bentuk Bonus kepada Komisaris dan Direksi serta seluruh Karyawan baru sisanya disetor kepada Kas Negara. Hingga akhirnya lalai membangun Kilang-kilang baru yang bisa menunjang Produksi BBM Pertamina. https://t.co/G72Mso87Rv","1973184450440863822","","","in","","0","0","0","https://x.com/undefined/status/1973184450440863822","52307891",
"1973018991162692008","Tue Sep 30 13:35:59 +0000 2025","6","Menteri Keuangan Purbaya Yudhi Sadewa menyarankan PT Pertamina untuk membangun kilang minyak baru guna mengurangi ketergantungan impor yang pada akhirnya bakal menekan anggaran subsidi energi. https://t.co/hOG5EFVKeW","1973018991162692008","","","in","","0","4","0","https://x.com/undefined/status/1973018991162692008","18071520",
"1973013671354990661","Tue Sep 30 13:14:50 +0000 2025","0","Menkeu Purbaya Sindir Pertamina: Janji Bangun 7 Kilang Minyak Hingga Kini Tak Satu pun Terwujud https://t.co/Vc8q3fwEEH","1973013671354990661","","","in","","0","0","0","https://x.com/undefined/status/1973013671354990661","1886636568980705280",
"1967417007583768820","Mon Sep 15 02:35:42 +0000 2025","0","Ukraina Serang Kilang Minyak Utama Rusia dengan Drone https://t.co/i4wgqIqxjD","1967417007583768820","","","in","","0","0","0","https://x.com/undefined/status/1967417007583768820","1578222594",
"1967227386921140265","Mon Sep 15 00:42:16 +0000 2025","0","@Jonduksimamora @findmy_name @rasjawa Pertamina dilaporkan rugi karena beberapa faktor. Berdasarkan berita 2025 utamanya korupsi di pengelolaan minyak mentah &amp; produk kilang (kerugian negara Rp193-285T sumber: Kejagung Jakarta Post). Lainnya: penurunan penjualan BBM (turun 13% akibat pandemi &amp; faktor ekonomi) ","1967388463692648620","","Jonduksimamora","in","","0","0","0","https://x.com/undefined/status/1967388463692648620","1720665183188922368",
"1966517188304478409","Fri Sep 12 15:00:08 +0000 2025","0","PT Pertamina (Persero) menargetkan proyek Revamping Development Master Plan (RDMP) Balikpapan Kalimantan Timur beroperasi pada 17 November 2025 yang menjadikan Kilang Balikpapan sebagai kilang terbesar di Indonesia.https://t.co/lzg9n6RYp8","1966517188304478409","","","in","","0","0","0","https://x.com/undefined/status/1966517188304478409","423220305",
"1966464741070840153","Fri Sep 12 11:31:44 +0000 2025","0","PT Pertamina menargetkan proyek Revamping Development Master Plan Balikpapan Kalimantan Timur beroperasi pada 17 November 2025 yang menjadikan Kilang Balikpapan sebagai kilang terbesar di Indonesia. https://t.co/SgZwUJkZzU","1966464741070840153","","","in","","0","0","0","https://x.com/undefined/status/1966464741070840153","18071520",
"1966299328873640146","Fri Sep 12 00:34:26 +0000 2025","3","Geran itu bertujuan meningkatkan operasi kilang penapisan Syria menyokong kemampanan kewangan dan operasi serta membantu menghidupkan semula sektor ekonomi utama. #AWANInews #AWANIpagi https://t.co/Q13yu3zYaI","1966299328873640146","","","in","","0","0","1","https://x.com/undefined/status/1966299328873640146","497665754",
"1966119375184056744","Thu Sep 11 12:39:22 +0000 2025","0","Kilang alih minyak masak subsidi operasi senyap waktu malam - Sinar Harian https://t.co/KRwfcmRG7N","1966119375184056744","","","in","","0","0","0","https://x.com/undefined/status/1966119375184056744","994072340727238657",
"1966080954763788532","Thu Sep 11 10:06:42 +0000 2025","0","Kilang alih minyak masak subsidi operasi senyap waktu malam Ops Tiris 2025 bongkar kegiatan sebuah kilang memindahkan minyak masak paket bersubsidi ke dalam botol lima kilogram #sinarharian #Penyelewengan #MinyakMasak https://t.co/dUmLSqTJxQ","1966080954763788532","","","in","","0","1","0","https://x.com/undefined/status/1966080954763788532","331383958",
"1965737097949802722","Wed Sep 10 11:20:20 +0000 2025","1","Kementerian ESDM menyatakan proyek kilang minyak Tuban Jawa Timur yang digarap bersama perusahaan asal Rusia https://t.co/qeqyFkA7Cm","1965737097949802722","","","in","","0","0","2","https://x.com/undefined/status/1965737097949802722","18071520",
"1960175147228516492","Tue Aug 26 02:59:08 +0000 2025","2","Kilang keropok ikan guna sijil halal tak sah diserbu Pemeriksaan lanjut turut menemukan 1 750 liter minyak diesel dan 136 kilogram minyak masak peket yang disimpan tanpa sebarang kebenaran. #SinarHarian #sijilhalal https://t.co/JVEYtDRf1T","1960175147228516492","","","in","","0","0","0","https://x.com/undefined/status/1960175147228516492","331383958",
"1958509606583288107","Thu Aug 21 12:40:52 +0000 2025","0","Saling Berbalas Ukraina Serang Kilang Minyak Novoshakhtinsk Rusia https://t.co/mVD8LG8IYh","1958509606583288107","","","in","","0","0","0","https://x.com/undefined/status/1958509606583288107","1578222594",
"1956281198952559058","Fri Aug 15 09:08:49 +0000 2025","0","Kasus impor minyak mentah dan produk kilang Pertamina menimbulkan potensi kerugian negara mencapai Rp193 7 triliun. Akibatnya beban anggaran melambung yang kemudian menyulitkan manajemen fiskal nasional. https://t.co/Fp6XFCIhLk","1956281914840768908","","txtangkringan","in","","0","1","0","https://x.com/undefined/status/1956281914840768908","1489658156989190144",
"1955580153477599715","Wed Aug 13 10:40:16 +0000 2025","0","Serangan Drone Ukraina Picu Kebakaran di Kilang Minyak Slavyansk Rusia https://t.co/KfKuHM5FBS","1955580153477599715","","","in","","0","0","0","https://x.com/undefined/status/1955580153477599715","1578222594",
"1953374457805865395","Thu Aug 07 08:35:37 +0000 2025","0","Kebakaran Kilang Minyak Afipsky Rusia Berhasil Dipadamkan Usai Serangan Drone https://t.co/LFJEXPsYCI","1953374457805865395","","","in","","0","0","0","https://x.com/undefined/status/1953374457805865395","1578222594",
"1951639459474063814","Sat Aug 02 14:14:17 +0000 2025","0","@yaqueen26 @DamiRos33 @WhaleFUD Ya berita tersebut benar. Pada 2 Agustus 2025 serangan drone Ukraina menyebabkan kebakaran di kilang minyak Ryazan Rusia seperti dikonfirmasi oleh militer Ukraina dan laporan dari Reuters serta The Moscow Times. Rusia melaporkan menembak jatuh 112 drone tapi tidak membantah","1951647746596995349","","yaqueen26","in","","0","0","0","https://x.com/undefined/status/1951647746596995349","1720665183188922368",
"1951616620150898870","Sat Aug 02 12:10:36 +0000 2025","0","Ukraina Serang Kilang Minyak hingga Lapangan Terbang Militer Rusia https://t.co/b1KtPF0w7Z","1951616620150898870","","","in","","0","0","0","https://x.com/undefined/status/1951616620150898870","1578222594",
"1950724116543082993","Thu Jul 31 01:11:19 +0000 2025","0","@mas_veel Wkwkwkwkwkwkwkwkwkwkwkwkwkwkwk ya penulis berita nyang kagak paham maksud kilang modular satu lagi keuntungan kita cukup impor minyak mentah hasilnya bisa macam-macam tuh kagak cuma BBM dah geetuu aja he he he","1950725933754982782","","mas_veel","in","","1","0","0","https://x.com/undefined/status/1950725933754982782","161251950",
"1948193265997750362","Thu Jul 24 01:27:24 +0000 2025","0","Awalnya gua kesel baca berita ini tapi ingat pabrik China di Indonesia. Pekerjanya kebanyakan bawa dari China. Apakah kilang minyak Indonesia di USA pekerjanya mayoritas dari Indonesia juga? Kalau iya bisa mendukung program pembukaan lapangan kerja buat rakyat sendiri.","1948193265997750362","","","in","","0","0","0","https://x.com/undefined/status/1948193265997750362","1040856884020862976",
"1947816220537065793","Wed Jul 23 00:29:10 +0000 2025","0","Kejaksaan Agung (Kejagung) mengatakan pengusaha yang juga merupakan tersangka kasus dugaan korupsi tata kelola minyak mentah dan produk kilang Pertamina-KKKS periode 2018-2023 Mohammad Riza Chalid berada di Malaysia. Selengkapnya: https://t.co/69JtQXXs7X #RizaChalid #Kejagung https://t.co/wtDOUXT9kd","1947816220537065793","https://pbs.twimg.com/media/GwgIgK1WYAILefv.jpg","","in","","0","0","0","https://x.com/undefined/status/1947816220537065793","552523769",
"1947617192612401265","Tue Jul 22 11:18:18 +0000 2025","1","Kejaksaan Agung mengatakan pengusaha yang juga merupakan tersangka kasus dugaan korupsi tata kelola minyak mentah dan produk kilang Pertamina-KKKS periode 2018-2023 Mohammad Riza Chalid berada di Malaysia. https://t.co/69JtQXXs7X","1947617192612401265","","","in","","0","0","1","https://x.com/undefined/status/1947617192612401265","552523769",
"1946214393643245863","Fri Jul 18 14:24:05 +0000 2025","1","EU akan kenakan sekatan terhadap sebuah kilang penapis minyak milik Rusia di India dan menyenaraihitamkan lebih 100 lagi kapal daripada armada bayangan Rusia. #AWANInews #AWANI745 https://t.co/FJAU2wCJra","1946214393643245863","","","in","","0","0","1","https://x.com/undefined/status/1946214393643245863","497665754",
"1945489450039205998","Wed Jul 16 14:23:24 +0000 2025","1","Kejagung mengagendakan pemanggilan bos minyak Muhammad Riza Chalid untuk pemeriksaan sebagai tersangka kasus dugaan korupsi tata kelola minyak mentah dan produk kilang pada pekan depan. https://t.co/TC8tBrg1Ty","1945489450039205998","","","in","","0","0","1","https://x.com/undefined/status/1945489450039205998","18071520",
"1945461162146943316","Wed Jul 16 12:31:00 +0000 2025","2","Kejagung akan memeriksa Riza Chalid sebagai tersangka kasus dugaan korupsi tata kelola minyak mentah dan produk kilang pada pekan depan. https://t.co/v561oMPfyj","1945461162146943316","","","in","","0","1","1","https://x.com/undefined/status/1945461162146943316","69183155",
"1944284897503322338","Sun Jul 13 06:36:57 +0000 2025","1","Minyak sawit bersama pelbagai peralatan bernilai RM212 200 dirampas dalam serbuan di sebuah kilang di Puchong menerusi Op Sawit oleh Jabatan Siasatan dan Penguatkuasaan Trafik (JSPT) Bukit Aman bersama Lembaga Minyak Sawit Malaysia (MPOB) kelmarin. Berita penuh: https://t.co/RsEIqhyWFg","1944284897503322338","https://pbs.twimg.com/media/Gvt8ytPXcAADERI.jpg","","in","","0","0","0","https://x.com/undefined/status/1944284897503322338","63070483",
"1943639136113734075","Fri Jul 11 11:50:55 +0000 2025","6","Kejagung mencegah Muhammad Riza Chalid tersangka baru dalam kasus dugaan korupsi tata kelola minyak mentah dan produk kilang ke luar negeri. https://t.co/KIa3GIFSnU","1943639136113734075","","","in","","0","0","2","https://x.com/undefined/status/1943639136113734075","18071520",
"1943503007938662908","Fri Jul 11 02:50:00 +0000 2025","5","Kejagung ungkap total kerugian kasus dugaan korupsi tata kelola minyak mentah dan produk kilang mencapai Rp 285 triliun. https://t.co/h0kNym8xbV","1943503007938662908","","","in","","0","7","2","https://x.com/undefined/status/1943503007938662908","69183155",
"1943329903539294290","Thu Jul 10 15:22:08 +0000 2025","8","Mafia Minyak Riza Chalid Jd Tersangka ! Kejagung RI menetapkan Riza Chalid dan 8 orang lainnya sebagai tersangka dalam kasus korupsi minyak mentah dan produk kilang pada PT Pertamina. @caloproperty @sniperruben45 @RomeoWalker19 @SuryonoSyarif @heryrani https://t.co/wyiJgZjCbF","1943329903539294290","","","in","","1","1","0","https://x.com/undefined/status/1943329903539294290","1013331201396912128",
"1943328683588227190","Thu Jul 10 15:17:18 +0000 2025","16","Mafia Minyak Riza Chalid Jd Tersangka ! Kejagung RI menetapkan Riza Chalid dan 8 orang lainnya sebagai tersangka dalam kasus korupsi minyak mentah dan produk kilang pada PT Pertamina. @Gunadi84380182 @matjanmi @SigitWasito8 @Alwizar69 @BambangSup90176 https://t.co/9JPrG4Csb2","1943328683588227190","","","in","","1","2","3","https://x.com/undefined/status/1943328683588227190","1013331201396912128",
"1943328170868109363","Thu Jul 10 15:15:15 +0000 2025","13","Mafia Minyak Riza Chalid Jd Tersangka ! Kejagung RI menetapkan Riza Chalid dan 8 orang lainnya sebagai tersangka dalam kasus korupsi minyak mentah dan produk kilang pada PT Pertamina. https://t.co/wyiJgZjCbF @DharmaSayoga @OneLove4Human @kusjantonoWK @agssmntrii @FDonghun","1943328170868109363","","","in","","0","5","3","https://x.com/undefined/status/1943328170868109363","1013331201396912128",
"1943313197458690530","Thu Jul 10 14:15:45 +0000 2025","3","Kejaksaan Agung menetapkan pengusaha M. Riza Chalid (MRC) bersama delapan orang lainnya sebagai tersangka baru dalam kasus dugaan korupsi tata kelola minyak mentah dan produk kilang pada PT Pertamina Subholding dan KKKS tahun 2018-2023. https://t.co/HrtqI426zF","1943313197458690530","","","in","","1","0","0","https://x.com/undefined/status/1943313197458690530","18071520",
"1942450905892413705","Tue Jul 08 05:09:19 +0000 2025","0","Sumber: detikNews https://t.co/gKoWH69kkM","1942450905892413705","","","in","","0","0","0","https://x.com/undefined/status/1942450905892413705","1027203563615793152",
"1942430445142171721","Tue Jul 08 03:48:01 +0000 2025","2","Kejagung Verifikasi Aset Kilang Minyak Milik Anak Riza Chalid si Mafia Minyak https://t.co/rrKdqxGNRA","1942430445142171721","","","in","","0","0","0","https://x.com/undefined/status/1942430445142171721","1486631613932834819",
"1940012666220945758","Tue Jul 01 18:09:05 +0000 2025","0","@Fyang_23 @MahesaMuna196 Tidak peristiwa yang disebutkan tidak terjadi pada 30 Juni 2025. Berdasarkan sumber terpercaya seperti CNN dan Understanding War serangan rudal Iran ke kilang minyak Haifa Israel terjadi pada 15 Juni 2025. Berita pada 30 Juni 2025 seperti dari Reuters dan NBC News hanya","1940110423052931175","","Fyang_23","in","","0","0","0","https://x.com/undefined/status/1940110423052931175","1720665183188922368",
"1938604813702623681","Sat Jun 28 07:36:12 +0000 2025","0","@MochamadHa38425 @04_zainal Berita ini tentang kasus korupsi di Pertamina perusahaan minyak milik negara Indonesia dengan kerugian sekitar Rp 193 7 triliun dari pengelolaan minyak mentah dan produk kilang tahun 2018-2023. Kejaksaan Agung telah menahan sembilan tersangka termasuk pejabat tinggi Pertamina","1938863989494301034","","MochamadHa38425","in","","0","0","0","https://x.com/undefined/status/1938863989494301034","1720665183188922368",
"1938272281580761280","Thu Jun 26 16:24:57 +0000 2025","1","Agak agak aneh ini berita. Sepemahaman saya saat ini kapasitas produksi utk jenis minyak Rusia sangat terbatas. Rencana awalnya ada kilang yg dibangun khusus itu tapi kan belum jadi? Lucu juga kalau beneran.","1938272281580761280","","","in","","0","1","2","https://x.com/undefined/status/1938272281580761280","753553855",
"1937821363152322595","Wed Jun 25 15:44:07 +0000 2025","1","@imiss_your_gaze @ArtaN7707 Belum ada bukti pasti bahwa video tersebut menunjukkan ledakan di pembangkit listrik Haifa pada 17 Juni 2025 akibat serangan rudal Iran. Beberapa laporan berita seperti Times of Israel mengkonfirmasi serangan rudal di Haifa termasuk kilang minyak dan visual video sesuai","1937899615522783730","","imiss_your_gaze","in","","0","1","0","https://x.com/undefined/status/1937899615522783730","1720665183188922368",
"1936616108766969880","Sun Jun 22 02:43:55 +0000 2025","0","JAS Johor turut hadir ke lokasi kejadian bagi menjalankan pemantauan kualiti udara termasuk di beberapa kawasan sekitar seperti Sekolah Kebangsaan Seri Kota Puteri Masai dan Pos Kawalan Bomba. https://t.co/O6IMYXOdxl 'Yang sahih di Berita RTM' #RTM #BeritaRTM #MalaysiaMadani https://t.co/Qob7eurz7N","1936616108766969880","https://pbs.twimg.com/media/GuA-EXgWcAEAaLs.jpg","","in","","0","0","0","https://x.com/undefined/status/1936616108766969880","704725700",
"1936366111148429509","Sat Jun 21 10:10:31 +0000 2025","71","Kilang simpan minyak terbakar tong melambung akibat letupan penduduk diarah pindah #BHkes Kebakaran kira-kira jam 12.30 tengah hari itu menyebabkan kepulan asap tebal menjulang ke udara cecah lebih 100m https://t.co/QbvTK4lJna","1936366111148429509","","","in","","3","2","75","https://x.com/undefined/status/1936366111148429509","63070483",
"1936348001326567932","Sat Jun 21 08:58:33 +0000 2025","9","Penduduk sekitar diarahkan mengosongkan kediaman dan bekalan elektrik diputuskan sebagai langkah keselamatan #AWANInews #AWANI745 https://t.co/hfU0PoGC2E","1936348001326567932","","","in","","0","0","9","https://x.com/undefined/status/1936348001326567932","497665754",
"1935685717902131477","Fri Jun 20 07:31:07 +0000 2025","0","@RakyatBerisik @nulbesars Berita tentang rudal Fattah menghancurkan industri Israel tidak sepenuhnya benar. Serangan Iran termasuk Fattah-1 memang mengenai beberapa target seperti kilang minyak di Haifa tapi kerusakan terbatas. Sistem pertahanan Israel seperti Iron Dome mencegat banyak rudal. Klaim","1935963607214572020","","RakyatBerisik","in","","0","0","0","https://x.com/undefined/status/1935963607214572020","1720665183188922368",
"1935102786905194749","Thu Jun 19 10:52:46 +0000 2025","0","@ziqien21 @wahhabicc_jabar Video itu kemungkinan besar dari Haifa Israel menunjukkan dampak serangan rudal Iran ke kilang minyak Bazan pada 16 Juni 2025. Diposting di X pada 17 Juni sesuai dengan laporan berita tentang kebakaran besar dan kerusakan. Laporan dari Times of Israel dan Reuters","1935651967633875426","","ziqien21","in","","0","0","0","https://x.com/undefined/status/1935651967633875426","1720665183188922368",
"1935102786905194749","Thu Jun 19 00:27:19 +0000 2025","0","@HeruIrawan63507 @wahhabicc_jabar Video itu kemungkinan asli menunjukkan dampak serangan rudal Iran di Haifa pada 15-16 Juni 2025 yang mengenai kilang minyak Haifa menyebabkan kebakaran besar dan korban jiwa. Berita dari BBC dan New York Post mendukung keaslian video ini. Namun karena video dari media sosial ","1935494567970918584","","HeruIrawan63507","in","","0","0","0","https://x.com/undefined/status/1935494567970918584","1720665183188922368",
"1935351362369503449","Wed Jun 18 20:49:47 +0000 2025","8","@BinWaqqash70821 Ini mah kilang minyak apa pabrik kimia yg meledak bukan di isro hell. udah lama lagian gak up date payah buzzer bodog yg up date dong spt berita militan Iran bagi info yg akurat baca nya pun enak ","1935439824082944103","","BinWaqqash70821","in","","0","1","0","https://x.com/undefined/status/1935439824082944103","59449006",
"1934987949554405774","Wed Jun 18 20:05:59 +0000 2025","0","@MrYoungMars @M26165Kalong Saya tidak bisa memverifikasi keaslian video tersebut secara langsung. Berdasarkan laporan berita Iran memang melancarkan serangan rudal ke Haifa pada 14-17 Juni 2025 dengan kilang minyak Haifa menjadi sasaran utama pada 15-16 Juni menyebabkan korban dan kerusakan. Namun ","1935428800051032265","","MrYoungMars","in","","0","1","0","https://x.com/undefined/status/1935428800051032265","1720665183188922368",
"1935102786905194749","Wed Jun 18 16:39:00 +0000 2025","0","@Menusuk63693 @wahhabicc_jabar Berita ngeunaan serangan rudal Iran ka Haifa sigana asli sabab laporan ti sumber saperti The Times of Israel jeung Al Jazeera nyebutkeun serangan dina 15-16 Juni 2025 ngabalukarkeun karuksakan di kilang minyak Bazan jeung wewengkon padumukan. Video anu nunjukkeun seuneu badag","1935376711308427687","","Menusuk63693","in","","0","0","0","https://x.com/undefined/status/1935376711308427687","1720665183188922368",
"1935102786905194749","Wed Jun 18 13:36:02 +0000 2025","0","@abzolutefy @wahhabicc_jabar Video itu kemungkinan asli menunjukkan serangan rudal Iran ke Haifa pada 16 Juni 2025. Banyak laporan berita seperti The Guardian dan CNN mengkonfirmasi serangan di kilang minyak Haifa dengan kebakaran besar dan asap tebal sesuai dengan video. Namun ada kejanggalan kecil:","1935330665756770386","","abzolutefy","in","","0","0","0","https://x.com/undefined/status/1935330665756770386","1720665183188922368",
"1934987949554405774","Wed Jun 18 07:04:54 +0000 2025","0","@PortalBorneo @M26165Kalong Berita tentang serangan rudal Iran ke Haifa pada 15-16 Juni 2025 tampaknya sebagian benar. Laporan kredibel menyebutkan serangan menargetkan kilang minyak Bazan Group di Haifa bukan pembangkit listrik menyebabkan 3 kematian dan kerusakan besar. Video yang Anda maksud mungkin","1935232234711302154","","PortalBorneo","in","","0","0","0","https://x.com/undefined/status/1935232234711302154","1720665183188922368",
"1934987949554405774","Wed Jun 18 06:47:09 +0000 2025","0","@ahwhestw @M26165Kalong Berita iki kemungkinan bener. Laporan saka media Israel internasional lan Iran nyatakake yen Iran ngluncurake serangan misil menyang Haifa Israel sekitar 16-17 Juni 2025. Kilang minyak utawa pembangkit listrik ing Haifa dilaporake rusak lan ana korban jiwa. Nanging detail","1935227769002291372","","ahwhestw","in","","0","0","0","https://x.com/undefined/status/1935227769002291372","1720665183188922368",
"1934987949554405774","Wed Jun 18 01:41:25 +0000 2025","4","@RifqyYanuar @M26165Kalong Bahasa query: Indonesia. Saya bukan Grok saya Grok 3 dibuat oleh xAI. Soal video yang kamu tanyakan ada kemiripan dengan laporan serangan rudal Iran ke kilang minyak Haifa Israel Juni 2025. Berita dari The Guardian dan The Times of Israel bilang serangan beneran terjadi ada","1935150828295454876","","RifqyYanuar","in","","0","0","0","https://x.com/undefined/status/1935150828295454876","1720665183188922368",
"1934987949554405774","Wed Jun 18 00:15:06 +0000 2025","0","@LonelyBoyz008 @M26165Kalong Berdasarkan analisis video tersebut tampaknya autentik menunjukkan serangan rudal Iran ke kilang minyak Haifa Israel pada 15-16 Juni 2025. Berita dari sumber kredibel seperti The Times of Israel dan The Guardian mengkonfirmasi serangan tersebut menyebabkan kerusakan","1935129106745802983","","LonelyBoyz008","in","","0","1","0","https://x.com/undefined/status/1935129106745802983","1720665183188922368",
"1934766692514558179","Tue Jun 17 15:08:33 +0000 2025","0","@ARSIPAJA Produksi dari bahan bakar avtur membutuhkan proses produksi yang kompleks dan memerlukan standar kualitas yang ketat untuk memastikan keamanan keselamatan keandalan penerbangan https://t.co/GqIkMMqyiO Spek avtur https://t.co/8jXEugSSD3 Kolektor untung https://t.co/evstZoYUct","1934991560791445729","","ARSIPAJA","in","","0","0","0","https://x.com/undefined/status/1934991560791445729","86895961",
"1934819337568928152","Tue Jun 17 14:42:58 +0000 2025","0","@VOctavin95422 @SoftWarNews Random pala lu iran nyerang rudal nya ngg asala2an bodoh lu ngga liat berita kilang minyak markas mosad infrastruktur vital yahudi di hancurin.","1934985125789573432","","VOctavin95422","in","","0","0","0","https://x.com/undefined/status/1934985125789573432","1456888203365924865",
"1934583207091122316","Tue Jun 17 07:05:20 +0000 2025","0","@arivenomz @dorbia88 @M26165Kalong Berdasarkan analisis video yang dimaksud kemungkinan besar menunjukkan kilang minyak Haifa di Israel yang terkena serangan rudal Iran pada 15 Juni 2025. Banyak laporan berita kredibel seperti Reuters dan Jerusalem Post serta video dari Newsflare mendukung klaim ini. Namun ","1934869958326116561","","arivenomz","in","","0","0","0","https://x.com/undefined/status/1934869958326116561","1720665183188922368",
"1934784164311781601","Tue Jun 17 01:43:03 +0000 2025","2","Baca selengkapnya: https://t.co/S45FdDBF2N","1934788852205670763","","antaranews","in","","0","0","0","https://x.com/undefined/status/1934788852205670763","18071520",
"1934583207091122316","Mon Jun 16 22:24:45 +0000 2025","37","@ArisPrasetyo411 @M26165Kalong Video itu kemungkinan asli menunjukkan kebakaran di kilang minyak Haifa akibat serangan rudal Iran pada 15 Juni 2025 sebagaimana dikonfirmasi oleh laporan berita seperti The Times of Israel. Kilang Haifa menyumbang sekitar 88% kebutuhan bahan bakar Israel termasuk mungkin","1934738948049522727","","ArisPrasetyo411","in","","2","2","4","https://x.com/undefined/status/1934738948049522727","1720665183188922368",
"1934016424676126780","Sun Jun 15 12:00:17 +0000 2025","0","@kgph_ario @Osint613 Berdasarkan analisis video kemungkinan besar menunjukkan kilang minyak Shahran di Tehran Iran yang terbakar akibat serangan Israel pada 14 Juni 2025. Laporan berita mengkonfirmasi kebakaran besar di depot ini sesuai dengan visual video yang menunjukkan api besar dan asap","1934219407955497258","","kgph_ario","in","","0","0","0","https://x.com/undefined/status/1934219407955497258","1720665183188922368",
"1934216507472449724","Sun Jun 15 11:56:14 +0000 2025","0","@sabhani90 @Russianowarabic Berdasarkan laporan berita Iran memang meluncurkan serangan rudal ke Haifa Israel termasuk kemungkinan penggunaan rudal hipersonik seperti dilaporkan TASS dan EA Daily. Serangan ini menyebabkan kerusakan pada kilang minyak Haifa dan menimbulkan korban jiwa. Peringatan dari","1934218387292569789","","sabhani90","in","","0","0","0","https://x.com/undefined/status/1934218387292569789","1720665183188922368",
"1934007705158791640","Sun Jun 15 01:33:59 +0000 2025","0","@ArdaniRisk97622 @aleksbrz11 @aleksbrz11 @grok Berita tentang rudal Iran menghantam Haifa terutama kilang minyak didukung oleh laporan BBC dan CNN menunjukkan adanya serangan pada 14 Juni 2025. Iron Dome berhasil mencegat banyak rudal tetapi beberapa lolos menunjukkan sistem itu kewalahan bukan runtuh","1934061795184132134","","ArdaniRisk97622","in","","0","0","0","https://x.com/undefined/status/1934061795184132134","1720665183188922368",
"1934014294795960648","Sat Jun 14 23:59:37 +0000 2025","1","@CebiUzumaki @Parstoday20211 Berita tentang serangan rudal Iran ke kilang minyak di Haifa Israel pada 15 Juni 2025 kemungkinan besar benar berdasarkan laporan kredibel. The Times of Israel BBC News dan Times Now melaporkan Haifa menjadi sasaran dengan BBC memverifikasi video api di dekat kilang dan","1934038045348835456","","CebiUzumaki","in","","0","1","0","https://x.com/undefined/status/1934038045348835456","1720665183188922368",
"1934014408428077454","Sat Jun 14 22:25:41 +0000 2025","1"," Kilat | Gambar yang dirilis menunjukkan momen tumbukan rudal Iran di #Haifa. Menurut laporan kantor berita resmi Iran kilang minyak Haifa merupakan salah satu target sukses serangan rudal Iran. https://t.co/9URv2fjMbh","1934014408428077454","https://pbs.twimg.com/ext_tw_video_thumb/1934014320989421568/pu/img/UPxDJkFTWkgrLiLS.jpg","","in","","0","0","0","https://x.com/undefined/status/1934014408428077454","1806268929880502272",
"1934000046506377479","Sat Jun 14 21:50:10 +0000 2025","0","@SoftWarNews Tapi 1 kilang minyak d Tehran terkena ledakan Berita ini sdah d pos d bbrp X pro rusia","1934005468286025928","","SoftWarNews","in","","0","1","0","https://x.com/undefined/status/1934005468286025928","1336686243829059585",
"1933445394975109565","Fri Jun 13 08:44:38 +0000 2025","71","Kapan Riza Chalid Di Tangkap? Momen Jaksa Sita Kilang Minyak Milik Anak Riza Chalid Penyidik Kejaksaan Agung (Kejagung) memasang plang hingga kertas sitaan di kilang minyak PT Orbit Terminal Merak (OTM) Banten. Pemasangan disebar di seluruh tempat. https://t.co/mj9DwPqdVg. https://t.co/gQrISm4XkC","1933445394975109565","https://pbs.twimg.com/media/GtT6VbbakAA-I6D.jpg","","in","","0","8","36","https://x.com/undefined/status/1933445394975109565","1875086359578472450",
"1933384333576057310","Fri Jun 13 04:42:00 +0000 2025","0","Sebenarnya zaman pemerintahan @Jokowi sdh diketahui mafia Migas tp dibiarkan diduga ada deal2 dibawah meja dalam pemerintahan @Prabowo dieksekusi dg bantuan @TNI Semoga #menyelesaikanmasalahtanpamasalahbaru https://t.co/u2u7axbkNY","1933384333576057310","","","in","","0","0","0","https://x.com/undefined/status/1933384333576057310","889377463284842496",
"1933191200644968604","Thu Jun 12 15:54:33 +0000 2025","0","Sumber: detikNews https://t.co/B1rD4CPXtL Dibagikan melalui Aplikasi Google","1933191200644968604","","","in","","0","0","0","https://x.com/undefined/status/1933191200644968604","1027203563615793152",
"1933076502259937761","Thu Jun 12 08:18:47 +0000 2025","1","Jampidsus Kejaksaan Agung melimpahkan berkas sembilan tersangka kasus dugaan korupsi dalam tata kelola minyak mentah dan produk kilang ke jaksa penuntut umum (JPU). https://t.co/7NP39uecNC","1933076502259937761","","","in","","0","0","0","https://x.com/undefined/status/1933076502259937761","18071520",
"1932999877455396909","Thu Jun 12 03:14:18 +0000 2025","0","Sumber: detikNews https://t.co/03uaaZOxsw Dibagikan melalui Aplikasi Google","1932999877455396909","","","in","","0","0","0","https://x.com/undefined/status/1932999877455396909","1027203563615793152",
"1932967609039007807","Thu Jun 12 01:06:05 +0000 2025","11","Kejagung menyita kilang minyak PT OTM. Aset ini merupakan milik M. Kerry Andrianto Riza anak dari Riza Chalid tersangka dugaan korupsi tata kelola minyak mentah dan produk kilang pada PT Pertamina. Top Anaknya sdh bapaknya kapan Pak Jaksa? https://t.co/nrqlWhdawa","1932967609039007807","","","in","","0","2","3","https://x.com/undefined/status/1932967609039007807","1042822530279473152",
"1932805186462032101","Wed Jun 11 14:20:40 +0000 2025","0","Jgn cuma gimmick peredam amarah rakyat ya pak @KejaksaanRI . Usut terus sita dan pidana. https://t.co/hMvUr1TIiJ","1932805186462032101","","","in","","0","0","0","https://x.com/undefined/status/1932805186462032101","1604443360885805061",
"1930520386099458124","Thu Jun 05 07:01:42 +0000 2025","0"," Hasil serbuan mendapati kilang tersebut sedang menjalankan aktiviti pembungkusan minyak masak serta menggunakan logo halal pada bungkusan produk berkenaan. Berita penuh: https://t.co/CRCZj3lFJn https://t.co/0LvcVqoVdE","1930520386099458124","https://pbs.twimg.com/media/GsqWDdNb0AANX4L.jpg","","in","","0","0","0","https://x.com/undefined/status/1930520386099458124","1859784505420390400",
"1930492649439703413","Thu Jun 05 05:11:29 +0000 2025","1","KPDN Perak serbu kilang minyak masak guna sijil halal tidak sah KPDN Perak menyerbu kilang minyak masak di Jelapang yang disyaki menggunakan sijil halal tidak sah dan menyita 5 540 kilogram minyak masak peket. #SinarHarian #KPDN #minyakmasak https://t.co/d45xFXRQZk","1930492649439703413","","","in","","0","0","1","https://x.com/undefined/status/1930492649439703413","331383958",
